-9.6062577721999993,-346.89423276100001,0.0,1.598230625278945,2.78
-9.6133645391378266,-346.58954224740165,0.0,1.5949507682232864,2.78
-9.6205218866387696,-346.28315923526844,0.0,1.5949670991604725,2.78
-9.6276533070514816,-345.9770335483534,0.0,1.594964357496976,2.78
-9.6347403980964739,-345.67307333895116,0.0,1.5949503955039976,2.78
-9.6419657923319768,-345.3660786053739,0.0,1.594960067451822,2.78
-9.6494434290573459,-345.04599142526996,0.0,1.5949269546218872,2.78
-9.6566539788562871,-344.73641567030558,0.0,1.5950146371840002,2.78
-9.6639002732581343,-344.42862376849473,0.0,1.5950089148570477,2.78
-9.6710708554905089,-344.1211139167018,0.0,1.5949634150055114,2.78
-9.6782410288854663,-343.81363228771755,0.0,1.5949693040784192,2.78
-9.6854710774446637,-343.50613678159351,0.0,1.5949386811517472,2.78
-9.6926395681479782,-343.19861822184191,0.0,1.5950072462467633,2.78
-9.6998294322587739,-342.89108409746871,0.0,1.5950247434709157,2.78
-9.7070409414258219,-342.58357414695212,0.0,1.594988452657838,2.78
-9.7141669714456977,-342.27631739227394,0.0,1.5950021097260916,2.78
-9.721362167711515,-341.96960795864584,0.0,1.594956796203697,2.78
-9.7285936811602625,-341.66310006366558,0.0,1.594978531842938,2.78
-9.7357602317019278,-341.35659382727454,0.0,1.5950342606972272,2.78
-9.7429057522188565,-341.05005641203485,0.0,1.5950286935181954,2.78
-9.7501246548305875,-340.74348594091737,0.0,1.5950285366720716,2.78
-9.7572901871393825,-340.43687870146522,0.0,1.5949806696702624,2.78
-9.7644458472470923,-340.13024273987821,0.0,1.594984897912419,2.78
-9.7716677510982777,-339.82361523780355,0.0,1.5949658691282271,2.78
-9.7788571321666993,-339.51719644294309,0.0,1.5950480873376771,2.78
-9.7860793471119312,-339.21110025585534,0.0,1.595020871385172,2.78
-9.7931906324704574,-338.9054249201875,0.0,1.5949623441806882,2.78
-9.8003279113437909,-338.5997813252709,0.0,1.5949594560476177,2.78
-9.8074847119835766,-338.29410438743736,0.0,1.5950562315544285,2.78
-9.8146471153383867,-337.98838149135298,0.0,1.5950106268887823,2.78
-9.8217858628772259,-337.68261134068121,0.0,1.594994920047041,2.78
-9.8289933495070017,-337.37679715273379,0.0,1.5949867928146733,2.78
-9.8361404713586378,-337.07093570372143,0.0,1.5950473418601652,2.78
-9.8432916658646921,-336.76502882159548,0.0,1.5950619329496787,2.78
-9.8504849654195201,-336.45907818585084,0.0,1.595028921507502,2.78
-9.8576223626373789,-336.15308160950957,0.0,1.5949874487743294,2.78
-9.8647969760364891,-335.84704302720741,0.0,1.5950091241753086,2.78
-9.8719876751587332,-335.54096166173417,0.0,1.594965800957747,2.78
-9.8791313809091843,-335.23483706719765,0.0,1.5950411037288394,2.78
-9.8863206527301237,-334.92867160545256,0.0,1.595060009479612,2.78
-9.8935024706357737,-334.62246400151651,0.0,1.5950160756864804,2.78
-9.9006457498934193,-334.31621436364668,0.0,1.5949871953280197,2.78
-9.9078367635529876,-334.00992617236443,0.0,1.5950093735189463,2.78
-9.9150274825761819,-333.70359782653804,0.0,1.5949697070184632,2.78
-9.9221703579415639,-333.39722927486514,0.0,1.5950402985577168,2.78
-9.9293702698676594,-333.09082332665201,0.0,1.5950629844964963,2.78
-9.936554009240421,-332.78437794904659,0.0,1.5950155666745378,2.78
-9.9437074948073327,-332.47789382762835,0.0,1.5949895097164346,2.78
-9.950928135187123,-332.17137474072337,0.0,1.5950037738136646,2.78
-9.9580979811029255,-331.86481739271159,0.0,1.595063702827858,2.78
-9.9652534034640645,-331.55822263154715,0.0,1.5950567691341442,2.78
-9.9724777380521115,-331.2515937845705,0.0,1.5950323307178649,2.78
-9.9796348444484302,-330.9449271478756,0.0,1.5949930668671273,2.78
-9.9868144370711018,-330.6382264146846,0.0,1.5950101526667244,2.78
-9.9940179015385517,-330.33149147623033,0.0,1.5949655159717282,2.78
-10.001177952572718,-330.0247216426979,0.0,1.5950400478002569,2.78
-10.008383971925428,-329.71791907995788,0.0,1.5950601366269768,2.78
-10.015579655731543,-329.41108229304785,0.0,1.5950173723342425,2.78
-10.022737770098111,-329.10421140633002,0.0,1.594987343833478,2.78
-10.029960249258101,-328.7973103729326,0.0,1.5950058505974438,2.78
-10.037143422620284,-328.4903762232646,0.0,1.5950685997612881,2.78
-10.044299078097707,-328.18340891465652,0.0,1.5950486732975184,2.78
-10.051535299953294,-327.87641282067403,0.0,1.5950551494598364,2.78
-10.058714925205017,-327.56938362939059,0.0,1.5950061787190366,2.78
-10.065880310507543,-327.26232365163247,0.0,1.594997748964082,2.78
-10.073122529046303,-326.95523600461291,0.0,1.5949875496163186,2.78
-10.08029611483652,-326.64811685135402,0.0,1.5950505703232178,2.78
-10.087481192653517,-326.34096826900753,0.0,1.5950627184629158,2.78
-10.094695519317414,-326.03379112443338,0.0,1.5950250717353436,2.78
-10.101857775332961,-325.72658364014438,0.0,1.5949885423249341,2.78
-10.109071479722591,-325.41934983797336,0.0,1.5950097750446748,2.78
-10.116293308742179,-325.1120883219869,0.0,1.5949720144761612,2.78
-10.123455999628392,-324.80479952005538,0.0,1.5950441698281723,2.78
-10.130654537983171,-324.49749320744945,0.0,1.5950623244337059,2.78
-10.137797665786987,-324.19021017608077,0.0,1.5950207154967524,2.78
-10.144574027081667,-323.88319472990503,0.0,1.5949887664937878,2.78
-10.149523976813372,-323.57787759390072,0.0,1.5838802745381513,2.78
-10.147326278155274,-323.26787468683176,0.0,1.5441930575919847,2.78
-10.136020594053107,-322.95820419050568,0.0,1.5243235888147042,2.78
-10.12121666177431,-322.64894595209739,0.0,1.5235548003556967,2.78
-10.103071820409491,-322.3462844188162,0.0,1.5023515386851087,2.78
-10.075888335123487,-322.04323244289969,0.0,1.4568013326591105,2.78
-10.0397064024278,-321.7378980139149,0.0,1.4456186207879922,2.78
-10.001003065180248,-321.43154479290865,0.0,1.4455727223699213,2.78
-9.9604745441026949,-321.12577078589612,0.0,1.435862400699002,2.78
-9.9128463550313715,-320.81496594975681,0.0,1.4044172302049303,2.78
-9.8602635055788266,-320.50160733709754,0.0,1.4021676582266909,2.78
-9.8066043079271346,-320.1867033950536,0.0,1.4021677243887716,2.78
-9.7524936965179272,-319.87061234459975,0.0,1.402206285536222,2.78
-9.6981833347056572,-319.55416484087698,0.0,1.4021582331724478,2.78
-9.6432186511862472,-319.24094020295973,0.0,1.3961174605558782,2.78
-9.5852577541532682,-318.9425089561326,0.0,1.3635709790142114,2.78
-9.5215613773234544,-318.64597695448344,0.0,1.3584662994896977,2.78
-9.4516048574966156,-318.34834945703506,0.0,1.3220558780050737,2.78
-9.3690342491573428,-318.0475402540211,0.0,1.2868047266833553,2.78
-9.2805809572369053,-317.74287655780898,0.0,1.2860578125200823,2.78
-9.1911803233697125,-317.43784774847683,0.0,1.2860147436210514,2.78
-9.1052251379420674,-317.14493708582819,0.0,1.286012871386942,2.78
-9.0192999416004316,-316.85229779483609,0.0,1.286025531149236,2.78
-8.9328208544789405,-316.55793034553221,0.0,1.2860308522299546,2.78
-8.8455932169396618,-316.26154054857921,0.0,1.2860278955889675,2.78
-8.7569498628386082,-315.9632291919005,0.0,1.2859557677118891,2.78
-8.6629906984981737,-315.66376362398398,0.0,1.2539619358632152,2.78
-8.5572450939605282,-315.37673807630841,0.0,1.1823899973899032,2.78
-8.4384854374771869,-315.09859901995895,0.0,1.1489913379183645,2.78
-8.3134528016915894,-314.81870779844712,0.0,1.1480809520626456,2.78
-8.1861892202304816,-314.53725163204655,0.0,1.1481395865632078,2.78
-8.057358748314126,-314.25856048242406,0.0,1.1342672663258655,2.78
-7.9182068686344573,-313.98327780835979,0.0,1.0719304225407829,2.78
-7.7712943727277857,-313.71546492091022,0.0,1.0609218875240056,2.78
-7.6209631781652227,-313.44624622348107,0.0,1.060812964606381,2.78
-7.4685526471335457,-313.1741614699074,0.0,1.0608278064457244,2.78
-7.3145474577224245,-312.89927989431698,0.0,1.060846426540812,2.78
-7.1599606499929047,-312.62347227374755,0.0,1.0607857658851083,2.78
-7.010627806140926,-312.35722999739113,0.0,1.0608493066569424,2.78
-6.8605425665968109,-312.09095668656255,0.0,1.060737006622455,2.78
-6.7066634239358605,-311.8253606338057,0.0,1.027945375155834,2.78
-6.5481573897205596,-311.56885680706654,0.0,1.0102476118918324,2.78
-6.385864210464252,-311.31413338440785,0.0,1.0001828795400574,2.78
-6.2132358327569532,-311.05956764116905,0.0,0.9541432403605701,2.78
-6.0320300013186721,-310.80327302149158,0.0,0.9522710289447951,2.78
-5.8542317593771243,-310.5544203422931,0.0,0.9522338527592914,2.78
-5.676329333791899,-310.31017935121696,0.0,0.9366267730822216,2.78
-5.4892691629912438,-310.07221927649141,0.0,0.8732566101088388,2.78
-5.2931421129431238,-309.83841772237298,0.0,0.8661241062880924,2.78
-5.0923778000481628,-309.60206581266533,0.0,0.8661270838704646,2.78
-4.8891321276216262,-309.36328706991839,0.0,0.8661476312997355,2.78
-4.6899596100071639,-309.12942999329147,0.0,0.8661679584055607,2.78
-4.4851589010664767,-308.88885605043481,0.0,0.8660697770303921,2.78
-4.2868508334995266,-308.65616588237816,0.0,0.8659827400554548,2.78
-4.0852454050808049,-308.4195609745754,0.0,0.8659612529561246,2.78
-3.8823008610199699,-308.18136409201406,0.0,0.866017159364037,2.78
-3.6784611673386998,-307.94204208535103,0.0,0.865990259624064,2.78
-3.4741477597449384,-307.70220475653213,0.0,0.8659372486565311,2.78
-3.271639291888087,-307.46448658550656,0.0,0.8658236742503419,2.78
-3.0603375554136005,-307.21716867272016,0.0,0.8658102319892844,2.78
-2.8509452174460042,-306.97477141467408,0.0,0.8541433860588777,2.78
-2.6466876503662853,-306.74834489542724,0.0,0.8178485069091158,2.78
-2.4317417496800422,-306.52824383383216,0.0,0.7572808460391276,2.78
-2.203559815547329,-306.31537622351146,0.0,0.7261923667304175,2.78
-1.9693364487861216,-306.10641025154791,0.0,0.7233414605517816,2.78
-1.7338268226420037,-305.89826342107165,0.0,0.7233091686803911,2.78
-1.4977622930086532,-305.69052745985175,0.0,0.7234125172541306,2.78
-1.2616181027578324,-305.48231801720806,0.0,0.7233615342030559,2.78
-1.0251917042714538,-305.27391877980568,0.0,0.7234411136765929,2.78
-0.78855751734634527,-305.06527215370608,0.0,0.7233897332813004,2.78
-0.55167863315131627,-304.85669466162574,0.0,0.7234746009162176,2.78
-0.31490256960413399,-304.64799746580024,0.0,0.7235211281525841,2.78
-0.077946089525064211,-304.43908061900248,0.0,0.7234717847530422,2.78
0.15909515146492936,-304.23016703769548,0.0,0.7234284336222055,2.78
0.3955458814717972,-304.02244685498562,0.0,0.7232151824235068,2.78
0.62809329661619384,-303.82261634354393,0.0,0.7013115183230704,2.78
0.86610222360496403,-303.63130078692825,0.0,0.6494703362406575,2.78
1.1127155965720212,-303.44685824984469,0.0,0.6288842954727974,2.78
1.3631006945286603,-303.2656017320441,0.0,0.6249559213441214,2.78
1.6175867730062636,-303.08763933048584,0.0,0.586817103248728,2.78
1.8752817792967131,-302.91892267080891,0.0,0.5695607698165752,2.78
2.1341729503765263,-302.75469538276286,0.0,0.5611933916344973,2.78
2.3939743722617552,-302.59809010463061,0.0,0.5161311012189325,2.78
2.6594898713126107,-302.44821181093891,0.0,0.5065554046783737,2.78
2.9280065660471215,-302.29902424299109,0.0,0.5065341091734316,2.78
3.1986277651835078,-302.14905038821445,0.0,0.506502140182307,2.78
3.471197603523668,-301.99813324604497,0.0,0.5065610552250821,2.78
3.7456211081764708,-301.84614632793603,0.0,0.5065621379408428,2.78
4.0218631466366226,-301.69314652559171,0.0,0.5065547203163652,2.78
4.2998394359609211,-301.53925232169831,0.0,0.5065081930594852,2.78
4.5791522735312027,-301.38455688857783,0.0,0.506555803662377,2.78
4.8577357346189656,-301.23026449362692,0.0,0.5065453483194265,2.78
5.1236559695145871,-301.08301810529798,0.0,0.5065162451490339,2.78
5.388574096371026,-300.93632613856693,0.0,0.5065336088023715,2.78
5.6545258374215432,-300.78902712108305,0.0,0.506538149032887,2.78
5.9217945370066589,-300.64101741679195,0.0,0.5065870370250056,2.78
6.1904269890923516,-300.49227311563743,0.0,0.5065044942647303,2.78
6.4604375713876943,-300.3427743366924,0.0,0.5065400087631453,2.78
6.7318248096818794,-300.19269908842858,0.0,0.5065223316745746,2.78
7.0048309008739382,-300.04261935433021,0.0,0.5054327281542187,2.78
7.2814188264255195,-299.89583770523825,0.0,0.467705320136717,2.78
7.5663436311867853,-299.75834036534479,0.0,0.42900985240718037,2.78
7.845071151261366,-299.63045481029479,0.0,0.42802535757604887,2.78
8.123932732177213,-299.50530427699141,0.0,0.42064775348394917,2.78
8.411064665149997,-299.38536493184074,0.0,0.3657710324406863,2.78
8.7038704267651603,-299.27447130085665,0.0,0.35386110761253947,2.78
8.9878269987250192,-299.16932055074966,0.0,0.35389741324528884,2.78
9.2726452677504589,-299.0643063109095,0.0,0.3538854522837713,2.78
9.5599287864659441,-298.95839847036649,0.0,0.3538817167477085,2.78
9.8498786456858234,-298.85160956446111,0.0,0.3538977123034246,2.78
10.142242187334682,-298.74415816703362,0.0,0.3538814073268593,2.78
10.435483334815922,-298.63756171448296,0.0,0.35024824227851753,2.78
10.724406056852393,-298.53945318007527,0.0,0.3000382735854123,2.78
11.01602157474421,-298.45154152527073,0.0,0.28606230174934605,2.78
11.307829403804279,-298.36821020027872,0.0,0.2699565815174732,2.78
11.609850125514257,-298.29153531946929,0.0,0.235393017148753,2.78
11.908539068955118,-298.22089432579361,0.0,0.2325971244030915,2.78
12.210940183404471,-298.15719165832354,0.0,0.18185132000622883,2.78
12.509653718158038,-298.10197048424243,0.0,0.1781263447595865,2.78
12.812096393941657,-298.04746715140379,0.0,0.17814959503179262,2.78
13.117634415135432,-297.99263397254185,0.0,0.17815387960326198,2.78
13.415997364395892,-297.9391314228057,0.0,0.17814946027768802,2.78
13.716915313186169,-297.88525713717854,0.0,0.1781322297638731,2.78
14.021559280200034,-297.83096655993234,0.0,0.1781416537315153,2.78
14.327566040199466,-297.77789287454505,0.0,0.1711513655398903,2.78
14.629627114183293,-297.73305075509785,0.0,0.1281085683710991,2.78
14.938084984246975,-297.69281788446534,0.0,0.1274916640734928,2.78
15.251089538029177,-297.6537338748862,0.0,0.12739054811525882,2.78
15.563139970803247,-297.61967870614416,0.0,0.08545444026615087,2.78
15.875057429510004,-297.59344533268541,0.0,0.07910530350438358,2.78
16.180640356361948,-297.56914237062108,0.0,0.0790477424675855,2.78
16.489435435134009,-297.54490510701936,0.0,0.07907501998197113,2.78
16.801208588158062,-297.52043676340003,0.0,0.079086516573995,2.78
17.105557278908201,-297.49655566130821,0.0,0.07914097037118147,2.78
17.412381897401147,-297.47256912861582,0.0,0.07907309908659532,2.78
17.722684621674116,-297.44856098223062,0.0,0.0790978982738793,2.78
18.032878782230327,-297.42631610487643,0.0,0.0670472954610876,2.78
18.341146488689361,-297.41180705899461,0.0,0.033837089010269744,2.78
18.654076354516736,-297.40076012104316,0.0,0.033647009156741396,2.78
18.959823530094862,-297.39059373137053,0.0,0.03362725777380523,2.78
19.26815931402469,-297.380469091061,0.0,0.0336219418230306,2.78
19.580357791883518,-297.37021303507788,0.0,0.033642355512368084,2.78
19.894687179363615,-297.35986654337739,0.0,0.0336423293102136,2.78
20.19988056567281,-297.34986810518149,0.0,0.03362846674736244,2.78
20.506593246006233,-297.33977908772783,0.0,0.03364585460729515,2.78
20.816199757014367,-297.32964212118014,0.0,0.03364553917113214,2.78
21.128960633996595,-297.31936872731336,0.0,0.03357098813645829,2.78
21.442869576406668,-297.30905296279843,0.0,0.033623494844493146,2.78
21.746030627192621,-297.29907917736341,0.0,0.03360890438422766,2.78
22.04987731628367,-297.28909565344736,0.0,0.033626051407118704,2.78
22.356322050778367,-297.27906299132019,0.0,0.03362514907824543,2.78
22.665643945686071,-297.26890221444654,0.0,0.03360941185710579,2.78
22.977828953693773,-297.25863550737995,0.0,0.033624782426734355,2.78
23.292724870028156,-297.24832412582361,0.0,0.03362823291343019,2.78
23.609656956463656,-297.23790169156717,0.0,0.03359119714177611,2.78
23.926634049765276,-297.22750422756997,0.0,0.033500014059256,2.78
24.230990682800908,-297.21751728188531,0.0,0.03348338672708378,2.78
24.535017366703975,-297.20754359565728,0.0,0.03348292520025028,2.78
24.840455896515099,-297.19750832419902,0.0,0.03367415332788528,2.78
25.148106917911367,-297.18742282939365,0.0,0.03374639160377339,2.78
25.45788297749862,-297.17722300023871,0.0,0.03373304237618793,2.78
25.769804288507228,-297.16694054003972,0.0,0.03372639803232742,2.78
26.083841146165224,-297.15657998397307,0.0,0.03372597277176505,2.78
26.39994614757536,-297.14616029580986,0.0,0.03372846552578401,2.78
26.718013076846283,-297.13567772688765,0.0,0.03373027298165012,2.78
27.037598034313703,-297.12514480951455,0.0,0.03374037341951065,2.78
27.356284848645466,-297.11465664220009,0.0,0.033742195079879564,2.78
27.660163925560191,-297.10469540768418,0.0,0.03372411679294308,2.78
27.96303867831438,-297.09474817990832,0.0,0.0338200001536764,2.78
28.266975881525422,-297.08469899976211,0.0,0.03379010050818387,2.78
28.572416819638025,-297.07461879066688,0.0,0.03379083581202981,2.78
28.879414647882175,-297.06448824423865,0.0,0.03379433350976815,2.78
29.187957338668607,-297.05430281475941,0.0,0.03379837228920672,2.78
29.498022043148428,-297.04406310434905,0.0,0.03380137171630417,2.78
29.80958439802167,-297.03377227924625,0.0,0.03380177137439126,2.78
30.122620130663815,-297.02343522328124,0.0,0.0337986401259174,2.78
30.437105349281065,-297.01305807227857,0.0,0.033792253415995316,2.78
30.753016495086591,-297.00265129848367,0.0,0.033780550543775774,2.78
31.070330599042524,-296.99219784262152,0.0,0.033779793235031,2.78
31.389022745828068,-296.9816910132032,0.0,0.03379097082975192,2.78
31.709057275808444,-296.97112913663136,0.0,0.033797885216559485,2.78
32.030337890577179,-296.96051648257708,0.0,0.03380473539579301,2.78
32.352409768066607,-296.9498678348171,0.0,0.033802712307181564,2.78
32.672728703432881,-296.93929386234913,0.0,0.033797921422462046,2.78
32.976568399732358,-296.92929952326313,0.0,0.03378286627498281,2.78
33.278463226959474,-296.91933316122334,0.0,0.03380465298391991,2.78
33.58089143242362,-296.90933938809792,0.0,0.03378745732833058,2.78
33.884266981982606,-296.89935359934805,0.0,0.03378461792501596,2.78
34.188648043071602,-296.88928825998568,0.0,0.03380407330149632,2.78
34.494030214047136,-296.87921916859068,0.0,0.03378180472300021,2.78
34.800402639211725,-296.86912327153192,0.0,0.03379488898915913,2.78
35.107749765622479,-296.85895811260826,0.0,0.03380320457891381,2.78
35.416056363323634,-296.84880016813594,0.0,0.033782591436771287,2.78
35.725309819119389,-296.83860310417521,0.0,0.033797734797520664,2.78
36.035494634592112,-296.8283441929396,0.0,0.03380066141537009,2.78
36.346596571234016,-296.81809760946248,0.0,0.033781670704768285,2.78
36.658603499211516,-296.80780572781117,0.0,0.03380059540377904,2.78
36.97150023283502,-296.79745838943626,0.0,0.03379803823958912,2.78
37.285273656599031,-296.78713178078868,0.0,0.0337832531279408,2.78
37.599911884758704,-296.77674481928722,0.0,0.03380392268201702,2.78
37.915400019553275,-296.76631995896389,0.0,0.033787031067518916,2.78
38.231726695761374,-296.75590725846604,0.0,0.033784480304102124,2.78
38.548879533414279,-296.74541954384387,0.0,0.03380346061658476,2.78
38.866844516702464,-296.73492754861053,0.0,0.03378388702064069,2.78
39.185611245033073,-296.72443060778744,0.0,0.033794627152038174,2.78
39.505166663625864,-296.71386198616301,0.0,0.03379548567713566,2.78
39.825498801158531,-296.70331027310937,0.0,0.03378128965078145,2.78
40.146597241012941,-296.69272292461085,0.0,0.03379880934825873,2.78
40.468448986254117,-296.68207690644181,0.0,0.033793402779763296,2.78
40.791043085922539,-296.67145535009666,0.0,0.03378004347024927,2.78
41.114369197942594,-296.66077663013732,0.0,0.033804070501645134,2.78
41.438411923215057,-296.65007113872383,0.0,0.033789979691658506,2.78
41.763147912820962,-296.63938207417897,0.0,0.033788936138946,2.78
42.088485724459538,-296.62863231840004,0.0,0.03380362383709059,2.78
42.413942144750102,-296.61788705216827,0.0,0.03378719489145982,2.78
42.736760484052937,-296.60726161465055,0.0,0.03378427367613346,2.78
43.040916435567979,-296.59720043571696,0.0,0.03379078200353188,2.78
43.34232762575455,-296.58727900364175,0.0,0.03379807384368903,2.78
43.643718258957335,-296.5773222101659,0.0,0.0337814212693563,2.78
43.94555127078975,-296.56736058530691,0.0,0.033805545113710866,2.78
44.247897484984797,-296.55739760172531,0.0,0.033784411493787754,2.78
44.550765411501438,-296.54738035700478,0.0,0.03379879554775955,2.78
44.854148734869945,-296.53739926432388,0.0,0.033789344198802924,2.78
45.158041525643441,-296.52734555694025,0.0,0.033785560458350954,2.78
45.462437206666436,-296.51730916529959,0.0,0.033802673902171655,2.78
45.767327333112199,-296.50725640288368,0.0,0.0337806431571688,2.78
46.072707246013714,-296.49716779196956,0.0,0.03380545709944478,2.78
46.378567909775228,-296.48709716897417,0.0,0.03378807561834773,2.78
46.684904122639615,-296.47696050182947,0.0,0.033794288706846476,2.78
46.991707388846827,-296.46685894604661,0.0,0.03380008033197857,2.78
47.298962828873385,-296.45670895441447,0.0,0.03378205655794084,2.78
47.606620069556968,-296.44655658046838,0.0,0.033803358600628025,2.78
47.91440487087921,-296.43642241636957,0.0,0.033822343076639894,2.78
48.222557178546467,-296.42625740177431,0.0,0.03377452984515931,2.78
48.531140441959018,-296.41608203426119,0.0,0.03374852637881787,2.78
48.840160335629044,-296.40585677978601,0.0,0.03375788671359612,2.78
49.149611192607509,-296.39566132048594,0.0,0.033760718516350305,2.78
49.45948568327497,-296.3854114470825,0.0,0.03375306922572591,2.78
49.769770064358418,-296.37518629009469,0.0,0.03376747988112394,2.78
50.080406320444574,-296.3649243412508,0.0,0.03374654030002714,2.78
50.391077393785231,-296.35465225388884,0.0,0.033772990830259544,2.78
50.701810257403196,-296.34434657758783,0.0,0.03387059123708519,2.78
51.01289190079261,-296.3340864196727,0.0,0.03382774938585382,2.78
51.32434721987871,-296.32381128880593,0.0,0.033807875847338575,2.78
51.636196146669448,-296.31349826130759,0.0,0.03382883064080932,2.78
51.948431817214079,-296.30320844185536,0.0,0.033809263843007954,2.78
52.261031422006205,-296.29284712728776,0.0,0.03381766964702826,2.78
52.573873229106091,-296.28245266917577,0.0,0.033822332112253085,2.78
52.886277211214029,-296.27161869569181,0.0,0.03381320219703073,2.78
53.194309318378231,-296.25856767316481,0.0,0.04935000139301364,2.78
53.50288241685633,-296.23699122324928,0.0,0.09347541645883986,2.78
53.812306754217026,-296.20659388645777,0.0,0.10620970589718648,2.78
54.121650019024081,-296.17370454708083,0.0,0.10624815562576778,2.78
54.424866714050161,-296.1382570167105,0.0,0.12786944980620915,2.78
54.733216087754407,-296.09408795247873,0.0,0.1564787665091219,2.78
55.045023909741403,-296.04599189459412,0.0,0.15605976347334458,2.78
55.358573435760739,-295.99701473097161,0.0,0.15605082371756038,2.78
55.673552894969227,-295.94774374723238,0.0,0.15607279317361114,2.78
55.989869692453347,-295.89822790839224,0.0,0.15611702984884382,2.78
56.307416483630213,-295.84848572317355,0.0,0.15607399422660842,2.78
56.62574630099693,-295.79863655460764,0.0,0.1560894881902872,2.78
56.942351755809902,-295.74906016056207,0.0,0.1561227328066386,2.78
57.242662955417252,-295.70204523247321,0.0,0.15607280360490156,2.78
57.541053181065983,-295.65533473085253,0.0,0.15612299360558976,2.78
57.839953126999909,-295.60855220012621,0.0,0.1560901281308265,2.78
58.139725225049801,-295.56163799362946,0.0,0.1560990061290248,2.78
58.440060634856948,-295.51464519895916,0.0,0.15611361804246712,2.78
58.741315012773612,-295.46743388260523,0.0,0.15616100239559713,2.78
59.043531467641166,-295.42008710160979,0.0,0.15615752318078366,2.78
59.346667321895772,-295.37259254218628,0.0,0.15615687159775204,2.78
59.65046285049813,-295.3249490091863,0.0,0.1561403567627987,2.78
59.954156821253868,-295.27691673091186,0.0,0.15625268863337954,2.78
60.254653839098722,-295.22750920542751,0.0,0.16840971695397222,2.78
60.55315034338242,-295.17063594956744,0.0,0.21124906585711853,2.78
60.851966016500441,-295.10592998778588,0.0,0.2181761137889363,2.78
61.148221180145178,-295.03786843308291,0.0,0.2302667289317289,2.78
61.446456871468214,-294.95830235905362,0.0,0.29002176839132904,2.78
61.740723440194564,-294.86261824886776,0.0,0.3473118842648691,2.78
62.03759191136038,-294.75588374622254,0.0,0.3527249485318466,2.78
62.322500493756614,-294.65140822060363,0.0,0.3527143701333517,2.78
62.607203372356196,-294.54685422162578,0.0,0.3527149223903394,2.78
62.893642503390083,-294.44164091626345,0.0,0.35273561011734395,2.78
63.18207400300534,-294.3356920335022,0.0,0.3527394067237423,2.78
63.472381321238039,-294.22886126236227,0.0,0.35273938217222234,2.78
63.763590336366121,-294.12059265563039,0.0,0.3538241334869834,2.78
64.050835835806524,-294.00733560501635,0.0,0.39468623104949113,2.78
64.329512808972524,-293.88017702379312,0.0,0.46509380022851626,2.78
64.599541243633169,-293.73502594060398,0.0,0.536064549355559,2.78
64.858870848870325,-293.57686022927982,0.0,0.5693967982908219,2.78
65.115726359798316,-293.41121369063711,0.0,0.5778833433238125,2.78
65.367608931271903,-293.23581957650748,0.0,0.6392724789938771,2.78
65.606350906841485,-293.04659006817189,0.0,0.7090723150489886,2.78
65.838260077994079,-292.83907749735067,0.0,0.7610192506211929,2.78
66.06225248866717,-292.62778592930903,0.0,0.7630516606071793,2.78
66.286741032885715,-292.41389581408197,0.0,0.7630795639144654,2.78
66.513242132614565,-292.19778509593067,0.0,0.763079554698775,2.78
66.74043394312686,-291.98082850420184,0.0,0.7630645413289581,2.78
66.959526581770405,-291.77125059057704,0.0,0.7630613360773496,2.78
67.177191486738579,-291.56098849405976,0.0,0.7708879643651527,2.78
67.395776983441294,-291.34009798377974,0.0,0.8080089780022516,2.78
67.607027455970027,-291.1205950610177,0.0,0.8083803266572562,2.78
67.81899278945275,-290.89910637482183,0.0,0.808345807135446,2.78
68.032193692272472,-290.67566110441157,0.0,0.8082063652603346,2.78
68.245429912670346,-290.45089784894753,0.0,0.8110345936239438,2.78
68.452071449142593,-290.22502848170359,0.0,0.8521853924546516,2.78
68.656150869128936,-289.99255757633244,0.0,0.8554500617621547,2.78
68.861474106941117,-289.75644592126503,0.0,0.8554634427126746,2.78
69.065203857404583,-289.51941864970547,0.0,0.8644657595229523,2.78
69.257869234338472,-289.28235572752635,0.0,0.9113169614467045,2.78
69.449318601961636,-289.03754374854992,0.0,0.911765949815443,2.78
69.63572138739093,-288.79757993813365,0.0,0.9117854038837859,2.78
69.823550195658612,-288.55539537400801,0.0,0.911792413438277,2.78
70.01336503146841,-288.31001461723474,0.0,0.9118055499267319,2.78
70.202356606957181,-288.06265219702868,0.0,0.9201224275120857,2.78
70.382635410008049,-287.81005976500035,0.0,0.9837338113392721,2.78
70.553715767169066,-287.55157684209291,0.0,0.9962946797426221,2.78
70.724194493333741,-287.28973550974837,0.0,0.9963279367764823,2.78
70.890122988960684,-287.03446863788099,0.0,0.9964835032301881,2.78
71.056859978300025,-286.77721485274509,0.0,0.9964895729804447,2.78
71.225660923707338,-286.51674242747049,0.0,0.9964265626016713,2.78
71.395648075519674,-286.2543914057984,0.0,0.9964191208214151,2.78
71.560619174595573,-285.99894300358073,0.0,0.9964528268788396,2.78
71.725881289813529,-285.73851744193144,0.0,1.0205814460813865,2.78
71.884244297096643,-285.4769965784933,0.0,1.0315068050170006,2.78
72.041974347735746,-285.20930167831841,0.0,1.0577917080403638,2.78
72.194792320034736,-284.93824819007506,0.0,1.0624751764720852,2.78
72.347860890683464,-284.66456534344303,0.0,1.0624159512266396,2.78
72.496744835506561,-284.39815480578056,0.0,1.0623587024904912,2.78
72.645651834067436,-284.12990979124072,0.0,1.0622795017069497,2.78
72.790849298752391,-283.86017031800174,0.0,1.0987530269332553,2.78
72.926169591728396,-283.58899058108096,0.0,1.117180218343585,2.78
73.060262876513733,-283.31286781080422,0.0,1.119855050585444,2.78
73.18821684074959,-283.03555005479546,0.0,1.155231036043927,2.78
73.314408445829031,-282.75145624578971,0.0,1.1553140730998401,2.78
73.439040165358918,-282.46534076957073,0.0,1.1684681505791583,2.78
73.557620156204607,-282.17606987586981,0.0,1.1892781318760626,2.78
73.672150210097669,-281.88877305543889,0.0,1.190773363430975,2.78
73.781437819873574,-281.59561713821461,0.0,1.2362873642393595,2.78
73.881977036402134,-281.30415447571926,0.0,1.245612585570555,2.78
73.974002103147569,-281.0056494197907,0.0,1.285507773561621,2.78
74.055455387100494,-280.70337956916717,0.0,1.3206506585539246,2.78
74.126584414317406,-280.39930377967659,0.0,1.3662614319527695,2.78
74.185927203885626,-280.09686014617694,0.0,1.4004846123852586,2.78
74.230306388995686,-279.79537798505442,0.0,1.4490459754420686,2.78
74.268501781261691,-279.48779114868466,0.0,1.4488339892759714,2.78
74.299908105107804,-279.18630961030516,0.0,1.4826479726361954,2.78
74.324400016635067,-278.87910442952659,0.0,1.5094893131889182,2.78
74.336350525136325,-278.57520545059208,0.0,1.5506739733689872,2.78
74.343779416637389,-278.26619575160288,0.0,1.5507469875027817,2.78
74.35035731914995,-277.95860168280188,0.0,1.550661225690145,2.78
74.356836520125697,-277.65340764769581,0.0,1.5507268202303701,2.78
74.363874654543906,-277.34320136491937,0.0,1.5506780493196743,2.78
74.373443744323126,-277.03662521783781,0.0,1.5238405905502366,2.78
74.388125383262476,-276.73083521280046,0.0,1.5197347015258145,2.78
74.403620431026866,-276.42861869544606,0.0,1.5197104998164288,2.78
74.419492639164829,-276.12242662661976,0.0,1.5197147964683675,2.78
74.435164607280683,-275.82041406186613,0.0,1.5197393467332911,2.78
74.451037628756623,-275.51434944376069,0.0,1.5197384451970548,2.78
74.467148727846237,-275.20422953718486,0.0,1.519731154719969,2.78
74.482942230181706,-274.89985002967143,0.0,1.5197795870002073,2.78
74.498916355720255,-274.59212547202213,0.0,1.5197248539571435,2.78
74.515050976465801,-274.28135280715645,0.0,1.5197760511637866,2.78
74.530813761206133,-273.97791450888764,0.0,1.5197412747959191,2.78
74.546698210980026,-273.67188100565977,0.0,1.5197174871798729,2.78
74.562788870064125,-273.36195987345155,0.0,1.519685706074745,2.78
74.57898794328672,-273.04991504122137,0.0,1.5197663183506602,2.78
74.594702370892179,-272.74724496941474,0.0,1.519736740306538,2.78
74.610488774861366,-272.44298781503022,0.0,1.5196804064465363,2.78
74.626418367496527,-272.1359049687556,0.0,1.5195150476934114,2.78
74.642627397655644,-271.82527253429964,0.0,1.5194762786363385,2.78
74.65898720457092,-271.51142366285006,0.0,1.5194647470311766,2.78
74.675405300363479,-271.19644396648965,0.0,1.5195698722193796,2.78
74.691261778218063,-270.89228445620114,0.0,1.519482448066906,2.78
74.707150244424284,-270.58747204506744,0.0,1.5195047511886823,2.78
74.723166125950172,-270.28008810168836,0.0,1.5195199838837041,2.78
74.739343502891501,-269.96985965684036,0.0,1.5195410831004754,2.78
74.75564587619165,-269.65683574345189,0.0,1.5195642403876422,2.78
74.772089262257225,-269.34138207593145,0.0,1.5194782066843082,2.78
74.788645854960848,-269.02365868392769,0.0,1.519425281849813,2.78
74.80524995786233,-268.70588418053222,0.0,1.519348565680653,2.78
74.821196852735895,-268.40080513686593,0.0,1.5193988926873017,2.78
74.83712326755149,-268.09601753664623,0.0,1.5193399779995085,2.78
74.85314601718072,-267.78942373084664,0.0,1.5193845048120873,2.78
74.869276087809567,-267.48069750695328,0.0,1.5194293493412776,2.78
74.885520656503502,-267.16981661431788,0.0,1.5193699611856286,2.78
74.901879351620721,-266.85680760671397,0.0,1.519420844423725,2.78
74.918353294019568,-266.54172031407438,0.0,1.519361858316436,2.78
74.934926140491925,-266.22465649777422,0.0,1.5194026117386394,2.78
74.951571450533976,-265.90605410455964,0.0,1.5193358533544603,2.78
74.968175039910079,-265.58827813357436,0.0,1.5193752840660186,2.78
74.984036976531058,-265.28495562888554,0.0,1.5193445462935131,2.78
74.999822850068625,-264.98274303573953,0.0,1.5194211304723477,2.78
75.015674923491559,-264.67937822955389,0.0,1.5193796462355877,2.78
75.031615853268008,-264.37449277358229,0.0,1.519340152854875,2.78
75.047630472926386,-264.0680424439617,0.0,1.5194213348930246,2.78
75.063724412296082,-263.76004475397366,0.0,1.519381984844555,2.78
75.079899039597166,-263.45052136086025,0.0,1.5193562847527189,2.78
75.096155329828491,-263.13949578459182,0.0,1.5194218361141194,2.78
75.112487133544178,-262.82699443500155,0.0,1.51939152658426,2.78
75.128895201671625,-262.51304017290465,0.0,1.5193590851135752,2.78
75.145368943947432,-262.19765468915085,0.0,1.519427172994686,2.78
75.161929202836973,-261.88086560547754,0.0,1.5193977531621738,2.78
75.178551825107917,-261.56269529507091,0.0,1.5193685648948545,2.78
75.195259665350534,-261.24318028214151,0.0,1.5193330951520563,2.78
75.212028413491566,-260.92241418389307,0.0,1.5194075556259423,2.78
75.228823405081243,-260.6008530794839,0.0,1.519373014208902,2.78
75.245536858686506,-260.28103787527425,0.0,1.5193349226363948,2.78
75.261391384998959,-259.97767059290317,0.0,1.5193291411136003,2.78
75.277139237711992,-259.67623923005289,0.0,1.5194264509457638,2.78
75.292925743675681,-259.37426691136164,0.0,1.5194252116825424,2.78
75.308763811141446,-259.07131460612993,0.0,1.5194202341335679,2.78
75.324656714372807,-258.7671749214224,0.0,1.5194109017669175,2.78
75.340657824695455,-258.46098313040375,0.0,1.5194057230449514,2.78
75.357029460199996,-258.14769382899999,0.0,1.5193663444892167,2.78
